Node Number,Thread Number,Spatial Distribution,Temporal Distribution,T/R,Processor Utilization ,Channel Waiting Time,Input Waiting Time,Network Response Time,Channel Utilization,Column1,_1,_2,_3,_4
64,4,UN,Client-Server,1,839546,1974686,308491814,700514102,352431,,,,,
64,4,UN,Client-Server,2,827412,9556437,291037663,864599227,506302,,,,,
64,4,UN,Client-Server,3,802605,27027618,264928002,839372851,638516,,,,,
64,4,UN,Client-Server,4,723403,61848511,235776888,1256053108,767051,,,,,
64,4,UN,Client-Server,5,72121,121085884,189680044,1343875577,807812,,,,,
64,4,UN,Client-Server,6,647035,205881088,145988097,1574366301,841771,,,,,
64,4,UN,Client-Server,7,567402,284999115,118323674,1974853192,85033,,,,,
64,4,UN,Client-Server,8,511627,368157288,92003542,1845521914,865625,,,,,
64,4,UN,Client-Server,9,47056,431169037,8043286,2605196106,888828,,,,,
64,4,UN,Client-Server,1,421877,505119598,68518468,2586130982,882552,,,,,
64,6,UN,Client-Server,1,901173,2153823,495533336,866002265,370026,,,,,
64,6,UN,Client-Server,2,897863,11002777,469872618,1188628365,53691,,,,,
64,6,UN,Client-Server,3,871957,31924433,447158333,1351075304,65737,,,,,
64,6,UN,Client-Server,4,853846,84117371,395848075,1413081946,772778,,,,,
64,6,UN,Client-Server,5,796428,194432526,311877373,1804085211,852561,,,,,
64,6,UN,Client-Server,6,731779,341365112,217600589,2114035099,910729,,,,,
64,6,UN,Client-Server,7,640211,495164948,157213968,2275428465,916259,,,,,
64,6,UN,Client-Server,8,568923,626139282,121870069,3297253072,924583,,,,,
64,6,UN,Client-Server,9,514046,741330261,101696076,2923876773,931484,,,,,
64,6,UN,Client-Server,1,463145,851930115,86442861,380898919,931076,,,,,
64,8,UN,Client-Server,1,923706,2222387,68857719,1141277162,346441,,,,,
64,8,UN,Client-Server,2,922138,11448802,664122822,1192856244,518889,,,,,
64,8,UN,Client-Server,3,928869,36851643,622974259,1456320301,683047,,,,,
64,8,UN,Client-Server,4,911611,97074905,559575905,1949797805,809028,,,,,
64,8,UN,Client-Server,5,850776,260288574,438777004,253121942,888976,,,,,
64,8,UN,Client-Server,6,768916,498907104,281908378,2677461345,933802,,,,,
64,8,UN,Client-Server,7,673281,703671875,202216033,3430493664,940807,,,,,
64,8,UN,Client-Server,8,601595,886009094,147831672,3378167663,951667,,,,,
64,8,UN,Client-Server,9,538158,1042865601,123761679,4793187737,955781,,,,,
64,8,UN,Client-Server,1,488247,1182806885,10813343,5033174441,960156,,,,,
64,10,UN,Client-Server,1,961658,2323333,865229508,1212364504,359453,,,,,
64,10,UN,Client-Server,2,950974,12018917,845739986,1818518585,52724,,,,,
64,10,UN,Client-Server,3,938148,36704994,814701175,1860231397,677891,,,,,
64,10,UN,Client-Server,4,934972,106477081,72608212,1910845894,817049,,,,,
64,10,UN,Client-Server,5,911155,289791046,561201404,2968873768,883964,,,,,
64,10,UN,Client-Server,6,954375,569042358,328673091,3327975791,794956,,,,,
64,10,UN,Client-Server,7,960799,770286499,237074701,4402212045,697823,,,,,
64,10,UN,Client-Server,8,626211,943934143,176311116,4042570405,972709,,,,,
64,10,UN,Client-Server,9,557324,1112935791,137785534,5117790831,972031,,,,,
64,10,UN,Client-Server,1,504446,1258460205,125978201,6065736672,973524,,,,,
64,4,HR,Client-Server,1,549508,1222985,327044772,1327334659,297951,,,,,
64,4,HR,Client-Server,2,509507,5670937,328113813,1501504698,357118,,,,,
64,4,HR,Client-Server,3,531845,16238094,303152729,1517024022,479036,,,,,
64,4,HR,Client-Server,4,519655,4507972,279317307,1455789406,543299,,,,,
64,4,HR,Client-Server,5,515341,129721649,198615324,1881893315,636632,,,,,
64,4,HR,Client-Server,6,452565,26234314,117981682,2090345171,649635,,,,,
64,4,HR,Client-Server,7,381618,347487946,96904514,2511787943,633707,,,,,
64,4,HR,Client-Server,8,355369,424036957,72491967,307120543,672917,,,,,
64,4,HR,Client-Server,9,32818,495345062,64535954,3621956835,681484,,,,,
64,4,HR,Client-Server,1,282082,575525146,51514464,3681474413,655035,,,,,
64,6,HR,Client-Server,1,572224,1282619,500454189,1708165016,310929,,,,,
64,6,HR,Client-Server,2,557274,6012516,479164027,2103200338,393715,,,,,
64,6,HR,Client-Server,3,585218,19425623,458150123,1875405626,500182,,,,,
64,6,HR,Client-Server,4,591425,45844761,455109135,2280018142,620903,,,,,
64,6,HR,Client-Server,5,557459,180532654,342885502,2637788002,678125,,,,,
64,6,HR,Client-Server,6,517327,358594482,230493497,2629292325,721146,,,,,
64,6,HR,Client-Server,7,458381,558683594,126359342,3158973789,728741,,,,,
64,6,HR,Client-Server,8,401393,662153564,109862502,3844868921,728264,,,,,
64,6,HR,Client-Server,9,365252,781969604,86830904,4843121879,725547,,,,,
64,6,HR,Client-Server,1,338053,8688797,86709082,5131942593,738628,,,,,
64,8,HR,Client-Server,1,567314,1354892,662928251,2119201174,265434,,,,,
64,8,HR,Client-Server,2,601986,71774,656473887,2342016821,407031,,,,,
64,8,HR,Client-Server,3,649676,21905952,619675549,2655360904,548307,,,,,
64,8,HR,Client-Server,4,627225,53570431,601248564,2517612877,638264,,,,,
64,8,HR,Client-Server,5,609125,193282196,507519015,2658641154,71276,,,,,
64,8,HR,Client-Server,6,564138,472804352,32266365,3926536213,757448,,,,,
64,8,HR,Client-Server,7,49258,717856323,189742882,429111536,75645,,,,,
64,8,HR,Client-Server,8,440587,889111389,139782762,4418932026,76625,,,,,
64,8,HR,Client-Server,9,409357,966465942,14469665,4776873467,785234,,,,,
64,8,HR,Client-Server,1,375879,1121980713,108468607,490147212,784288,,,,,
64,10,HR,Client-Server,1,63489,1522023,805937932,2383059193,308611,,,,,
64,10,HR,Client-Server,2,625327,7723398,79971602,2440137766,40151,,,,,
64,10,HR,Client-Server,3,654058,22386116,792572565,3084570291,559245,,,,,
64,10,HR,Client-Server,4,66297,63343914,75052034,3079737616,664514,,,,,
64,10,HR,Client-Server,5,645673,200854584,644088642,382153383,742057,,,,,
64,10,HR,Client-Server,6,591505,456956177,4474156,376782198,776667,,,,,
64,10,HR,Client-Server,7,521848,689914368,272809553,488531403,774557,,,,,
64,10,HR,Client-Server,8,490651,834243164,20279287,4445629398,820486,,,,,
64,10,HR,Client-Server,9,452518,974687012,166741261,5406725208,846172,,,,,
64,10,HR,Client-Server,1,41892,1099184082,141082172,5578782966,849566,,,,,
64,4,BR,Client-Server,1,905039,2064371,312112215,421877284,2023,,,,,
64,4,BR,Client-Server,2,900025,10150197,286822622,470197916,384201,,,,,
64,4,BR,Client-Server,3,883719,27690582,257634588,525910576,549167,,,,,
64,4,BR,Client-Server,4,853155,63448967,217084157,60876642,693715,,,,,
64,4,BR,Client-Server,5,81232,118239517,167018717,742125137,816536,,,,,
64,4,BR,Client-Server,6,749235,183529724,12498469,826143227,895417,,,,,
64,4,BR,Client-Server,7,675295,253750458,94723194,961642973,936189,,,,,
64,4,BR,Client-Server,8,605546,326512787,70481463,1201631933,956806,,,,,
64,4,BR,Client-Server,9,543298,397394623,53208525,1230205126,967266,,,,,
64,4,BR,Client-Server,1,491761,463621521,4359645,1493745104,971528,,,,,
64,6,BR,Client-Server,1,9375,2221174,505996723,614630123,209783,,,,,
64,6,BR,Client-Server,2,935522,11598482,474580111,705468587,400017,,,,,
64,6,BR,Client-Server,3,922333,33815647,443284879,698256515,573151,,,,,
64,6,BR,Client-Server,4,915624,87285263,378630739,836310509,739653,,,,,
64,6,BR,Client-Server,5,870269,201725983,274904992,1072239243,875431,,,,,
64,6,BR,Client-Server,6,796469,349786835,177205979,1196322911,944792,,,,,
64,6,BR,Client-Server,7,703475,491681183,117337618,1469079664,96645,,,,,
64,6,BR,Client-Server,8,622974,616168579,85139828,1717654857,974028,,,,,
64,6,BR,Client-Server,9,554223,733769775,64354544,1995584056,975781,,,,,
64,6,BR,Client-Server,1,500716,840099243,54225401,2231332104,976563,,,,,
64,8,BR,Client-Server,1,948599,2236039,702994414,77069059,212621,,,,,
64,8,BR,Client-Server,2,947834,11946494,671295779,912798464,405694,,,,,
64,8,BR,Client-Server,3,937209,36190128,632904352,976231023,583672,,,,,
64,8,BR,Client-Server,4,9347,104912659,550705519,1072740772,753958,,,,,
64,8,BR,Client-Server,5,908685,278916565,390322682,1316231632,898741,,,,,
64,8,BR,Client-Server,6,96125,53666925,215844594,1768407896,817017,,,,,
64,8,BR,Client-Server,7,973316,739287598,137888258,1945345426,714026,,,,,
64,8,BR,Client-Server,8,977292,91185968,97604255,2341989053,631147,,,,,
64,8,BR,Client-Server,9,97836,106274292,80864712,2665358418,561694,,,,,
64,8,BR,Client-Server,1,978299,1206503906,70630917,297670983,507582,,,,,
64,10,BR,Client-Server,1,95829,2279548,892852416,1073734018,21375,,,,,
64,10,BR,Client-Server,2,944783,1198399,874462284,1076528275,404392,,,,,
64,10,BR,Client-Server,3,947848,37191639,82385165,1124130178,588906,,,,,
64,10,BR,Client-Server,4,942199,107564377,736207309,1243009661,761146,,,,,
64,10,BR,Client-Server,5,928141,337949127,482476965,1663612858,915278,,,,,
64,10,BR,Client-Server,6,828573,626390198,250496786,2074953492,967448,,,,,
64,10,BR,Client-Server,7,720587,833389587,160824461,2591180139,975929,,,,,
64,10,BR,Client-Server,8,636664,99294165,125042268,2931702541,978125,,,,,
64,10,BR,Client-Server,9,567883,1148794189,10243451,3325676426,979688,,,,,
64,10,BR,Client-Server,1,513848,1307005127,88266633,3710484756,979774,,,,,
64,4,PS,Client-Server,1,828573,1934532,281991851,52921,607869882,,,,,
64,4,PS,Client-Server,2,824084,95502,262127869,633802,902966929,,,,,
64,4,PS,Client-Server,3,795685,2633913,239734762,718047,1042409722,,,,,
64,4,PS,Client-Server,4,739597,56360073,230163026,778299,1219612435,,,,,
64,4,PS,Client-Server,5,695053,126209816,176588953,822266,1202936709,,,,,
64,4,PS,Client-Server,6,62477,203292633,14207526,846927,1688953232,,,,,
64,4,PS,Client-Server,7,541929,287763733,121877978,84079,1904053095,,,,,
64,4,PS,Client-Server,8,487871,351338531,107055717,857222,2191738331,,,,,
64,4,PS,Client-Server,9,43976,420470581,9521403,86,2752001151,,,,,
64,4,PS,Client-Server,1,400416,500004944,77396653,865191,2895323131,,,,,
64,6,PS,Client-Server,1,927886,225691,467220073,991654608,469149,,,,,
64,6,PS,Client-Server,2,914674,11221832,444583904,1179806258,594844,,,,,
64,6,PS,Client-Server,3,897633,3458432,421810454,1270946206,713385,,,,,
64,6,PS,Client-Server,4,867957,83233231,374280065,1463837946,8075,,,,,
64,6,PS,Client-Server,5,80322,190616913,303249182,1548167651,869141,,,,,
64,6,PS,Client-Server,6,715007,335887207,22588267,2433831986,901146,,,,,
64,6,PS,Client-Server,7,637811,44849762,194370202,2761361123,92033,,,,,
64,6,PS,Client-Server,8,561209,594423401,141776326,2950973036,921806,,,,,
64,6,PS,Client-Server,9,503471,68862207,134938714,3475612812,923828,,,,,
64,6,PS,Client-Server,1,460363,792786804,115919129,3914442104,933333,,,,,
64,8,PS,Client-Server,1,94723,2302593,664751138,1172376429,407578,,,,,
64,8,PS,Client-Server,2,936275,11752433,648914045,1191328365,558073,,,,,
64,8,PS,Client-Server,3,938896,37560291,603003875,1408075927,701823,,,,,
64,8,PS,Client-Server,4,916288,98944687,545087566,154460147,82066,,,,,
64,8,PS,Client-Server,5,863297,255613998,425801938,2257446611,901259,,,,,
64,8,PS,Client-Server,6,771295,458623169,315421884,2694984699,938385,,,,,
64,8,PS,Client-Server,7,680886,664535339,225084681,3618974981,952474,,,,,
64,8,PS,Client-Server,8,606569,82657782,185147187,3980472255,95875,,,,,
64,8,PS,Client-Server,9,538424,99904895,143408169,4515318353,956406,,,,,
64,8,PS,Client-Server,1,492775,1135979736,125056075,4284404858,964583,,,,,
64,10,PS,Client-Server,1,956543,2329191,854506365,1317539043,385946,,,,,
64,10,PS,Client-Server,2,964797,12197474,828237477,1602749624,549549,,,,,
64,10,PS,Client-Server,3,958799,38007793,786852128,1632929179,700755,,,,,
64,10,PS,Client-Server,4,833681,104889626,712104035,2470414099,945997,,,,,
64,10,PS,Client-Server,5,90626,279355682,556958907,2488393811,924262,,,,,
64,10,PS,Client-Server,6,799148,535853882,36184257,3466244423,954688,,,,,
64,10,PS,Client-Server,7,705812,745923279,254808006,3810631711,967908,,,,,
64,10,PS,Client-Server,8,628214,898211548,220939988,4583919059,975486,,,,,
64,10,PS,Client-Server,9,561943,1053160522,191264946,4622484513,978594,,,,,
64,10,PS,Client-Server,1,509802,1211382568,147265376,5919152636,980382,,,,,
64,4,UN,Asynchronous,1,816425,1899652,304142096,138918151,438524,,,,,
64,4,UN,Asynchronous,2,802371,9239443,287760631,221239958,56026,,,,,
64,4,UN,Asynchronous,3,77942,26343061,261583243,34333257,670156,,,,,
64,4,UN,Asynchronous,4,731806,61675339,241112137,365704783,732153,,,,,
64,4,UN,Asynchronous,5,681066,122838882,194910803,564244978,794358,,,,,
64,4,UN,Asynchronous,6,624804,207630569,145400461,746187279,837708,,,,,
64,4,UN,Asynchronous,7,560888,285684875,120476798,834650499,854826,,,,,
64,4,UN,Asynchronous,8,484743,380017151,87956296,1027134803,837014,,,,,
64,4,UN,Asynchronous,9,448374,447772125,77160614,1160935215,864141,,,,,
64,4,UN,Asynchronous,1,404992,524617188,67063865,1183696475,858073,,,,,
64,6,UN,Asynchronous,1,849913,2062736,498420073,13631725,392665,,,,,
64,6,UN,Asynchronous,2,874955,10711858,471114584,207247489,570139,,,,,
64,6,UN,Asynchronous,3,850958,32423492,452291306,337491171,663828,,,,,
64,6,UN,Asynchronous,4,791423,83810753,393581999,571173224,843573,,,,,
64,6,UN,Asynchronous,5,786026,190786957,311382721,778427756,863238,,,,,
64,6,UN,Asynchronous,6,710901,199974614,365533325,1001625231,894688,,,,,
64,6,UN,Asynchronous,7,611163,503520325,159535965,1288482455,888915,,,,,
64,6,UN,Asynchronous,8,539734,638689331,123091451,1391636666,890695,,,,,
64,6,UN,Asynchronous,9,491085,744496521,98180394,1614588983,905625,,,,,
64,6,UN,Asynchronous,1,443039,857977722,86052872,1778766636,90599,,,,,
64,8,UN,Asynchronous,1,896803,2195465,691580927,150551879,408776,,,,,
64,8,UN,Asynchronous,2,89971,11211035,658241134,298356074,552934,,,,,
64,8,UN,Asynchronous,3,888416,35185795,636182197,417879955,676302,,,,,
64,8,UN,Asynchronous,4,887363,103991623,556300537,662942924,799896,,,,,
64,8,UN,Asynchronous,5,83289,269960358,429255853,928672341,882118,,,,,
64,8,UN,Asynchronous,6,744839,511700409,278413418,1280691436,914948,,,,,
64,8,UN,Asynchronous,7,663184,710060181,192790455,141879659,934853,,,,,
64,8,UN,Asynchronous,8,584847,884266846,149129576,1819996806,933472,,,,,
64,8,UN,Asynchronous,9,519696,1044152344,123914238,2326923643,933203,,,,,
64,8,UN,Asynchronous,1,47054,1199370728,102923829,238683458,936372,,,,,
64,10,UN,Asynchronous,1,914353,2140482,872458834,154900342,402378,,,,,
64,10,UN,Asynchronous,2,910044,11266356,852306247,263461036,54651,,,,,
64,10,UN,Asynchronous,3,915063,36400436,814131542,461111618,678776,,,,,
64,10,UN,Asynchronous,4,805937,101311462,742584297,855129063,905039,,,,,
64,10,UN,Asynchronous,5,8794,295776855,544772977,1121475113,909071,,,,,
64,10,UN,Asynchronous,6,776228,548018188,3569093,1589911663,938854,,,,,
64,10,UN,Asynchronous,7,682158,767490173,227405102,1754958119,947917,,,,,
64,10,UN,Asynchronous,8,604104,939929688,177316797,2352552511,950903,,,,,
64,10,UN,Asynchronous,9,539017,1105541992,14525426,254777951,950547,,,,,
64,10,UN,Asynchronous,1,489624,1251231445,126660093,3207772882,952865,,,,,
64,4,HR,Asynchronous,1,418621,950721,330567126,162560751,325694,,,,,
64,4,HR,Asynchronous,2,414236,4682868,317843877,253825208,371337,,,,,
64,4,HR,Asynchronous,3,393893,12673223,321257419,48994064,428255,,,,,
64,4,HR,Asynchronous,4,380225,33187843,290625295,742056173,495729,,,,,
64,4,HR,Asynchronous,5,341765,12290625,231736427,1040479968,489323,,,,,
64,4,HR,Asynchronous,6,318841,262651215,13885743,126444738,560521,,,,,
64,4,HR,Asynchronous,7,268535,373700378,96498589,1752237646,506832,,,,,
64,4,HR,Asynchronous,8,242966,439287231,90756925,1975005819,524236,,,,,
64,4,HR,Asynchronous,9,221539,506213196,75023394,2368824948,522734,,,,,
64,4,HR,Asynchronous,1,202377,602795288,60490983,2066717469,509462,,,,,
64,6,HR,Asynchronous,1,452819,1078156,521344889,224450947,335625,,,,,
64,6,HR,Asynchronous,2,416491,4814028,512702741,383315579,400469,,,,,
64,6,HR,Asynchronous,3,40539,14149101,494651719,638387938,426172,,,,,
64,6,HR,Asynchronous,4,398521,36513699,469551196,897947716,516215,,,,,
64,6,HR,Asynchronous,5,397512,156048096,383694759,1466091771,589583,,,,,
64,6,HR,Asynchronous,6,347587,380817383,237431619,197363609,584635,,,,,
64,6,HR,Asynchronous,7,324751,504747375,191278809,227276014,603385,,,,,
64,6,HR,Asynchronous,8,268258,660401001,146495822,2652015506,559028,,,,,
64,6,HR,Asynchronous,9,254752,812112305,104067686,3195861695,571719,,,,,
64,6,HR,Asynchronous,1,230011,915025818,93711371,2541630367,545833,,,,,
64,8,HR,Asynchronous,1,526524,1231869,650631676,163801348,393082,,,,,
64,8,HR,Asynchronous,2,473054,5644928,678861945,347974872,416753,,,,,
64,8,HR,Asynchronous,3,447295,14823047,677316062,571060156,517943,,,,,
64,8,HR,Asynchronous,4,439256,4155265,640455567,921813348,526667,,,,,
64,8,HR,Asynchronous,5,445936,162783722,55162617,1409149715,617231,,,,,
64,8,HR,Asynchronous,6,371522,497685699,345966081,2162578816,578646,,,,,
64,8,HR,Asynchronous,7,332085,675931763,284934711,2620790918,567231,,,,,
64,8,HR,Asynchronous,8,290999,863256653,234321275,2574649117,564792,,,,,
64,8,HR,Asynchronous,9,282314,996663574,198169508,3392124868,604687,,,,,
64,8,HR,Asynchronous,1,255619,1158224731,157509882,3030629787,611024,,,,,
64,10,HR,Asynchronous,1,503035,1196131,821037681,158319629,382066,,,,,
64,10,HR,Asynchronous,2,482426,5792946,832629849,314127942,435399,,,,,
64,10,HR,Asynchronous,3,479445,17800585,836760791,509908916,49987,,,,,
64,10,HR,Asynchronous,4,484361,47390614,825793428,785114697,577292,,,,,
64,10,HR,Asynchronous,5,426271,16210405,762418444,1418223088,557726,,,,,
64,10,HR,Asynchronous,6,406267,424684723,537662801,1783194698,631094,,,,,
64,10,HR,Asynchronous,7,365252,615394104,424832467,2152341855,631884,,,,,
64,10,HR,Asynchronous,8,338151,83263324,284647089,2949189101,683056,,,,,
64,10,HR,Asynchronous,9,305455,988797302,243685678,3349417336,640625,,,,,
64,10,HR,Asynchronous,1,286714,1154155518,194823388,3407799491,636458,,,,,
64,4,BR,Asynchronous,1,590286,1474199,313118038,26502746,137726,,,,,
64,4,BR,Asynchronous,2,570239,6385164,301836467,54064068,252205,,,,,
64,4,BR,Asynchronous,3,54004,16750683,297233229,89413975,347969,,,,,
64,4,BR,Asynchronous,4,530152,37607037,286104428,161584607,439653,,,,,
64,4,BR,Asynchronous,5,517356,98631683,234559543,346177863,522092,,,,,
64,4,BR,Asynchronous,6,464993,2415065,138143841,587624428,555313,,,,,
64,4,BR,Asynchronous,7,412242,355984772,81354739,688446953,570269,,,,,
64,4,BR,Asynchronous,8,365082,439582275,54572955,956721115,57632,,,,,
64,4,BR,Asynchronous,9,330783,516230347,41036081,789555446,5825,,,,,
64,4,BR,Asynchronous,1,300045,583544617,3303613,1230215474,587587,,,,,
64,6,BR,Asynchronous,1,648118,1745482,50162453,21445301,151797,,,,,
64,6,BR,Asynchronous,2,623425,7612763,486995914,63349039,274809,,,,,
64,6,BR,Asynchronous,3,590987,20255486,464868028,125447427,375703,,,,,
64,6,BR,Asynchronous,4,537327,45311146,449813066,307187608,445208,,,,,
64,6,BR,Asynchronous,5,560995,170806641,363487787,572849075,563368,,,,,
64,6,BR,Asynchronous,6,485852,377750397,22477904,832185981,572552,,,,,
64,6,BR,Asynchronous,7,427971,537255859,152560222,861210192,584792,,,,,
64,6,BR,Asynchronous,8,381173,680231445,109199942,1276382477,591875,,,,,
64,6,BR,Asynchronous,9,346758,823323486,64842144,1607041811,602969,,,,,
64,6,BR,Asynchronous,1,318419,897971619,75311153,1756065814,611111,,,,,
64,8,BR,Asynchronous,1,706503,1912839,706197879,23996447,164679,,,,,
64,8,BR,Asynchronous,2,652849,8527907,665484182,57535982,287014,,,,,
64,8,BR,Asynchronous,3,604986,22941246,643360101,136146416,385208,,,,,
64,8,BR,Asynchronous,4,578066,54552902,625761629,363675685,47691,,,,,
64,8,BR,Asynchronous,5,567715,215921051,511649039,639629146,566536,,,,,
64,8,BR,Asynchronous,6,501516,485607819,347748721,911954125,585833,,,,,
64,8,BR,Asynchronous,7,446351,748391968,217859424,1519366224,604358,,,,,
64,8,BR,Asynchronous,8,398993,945257813,13828172,169442824,612639,,,,,
64,8,BR,Asynchronous,9,356831,1100739502,120530379,2037679313,612188,,,,,
64,8,BR,Asynchronous,1,329844,1262165771,7867394,1525505283,622222,,,,,
64,10,BR,Asynchronous,1,727582,1930754,873604169,28755788,170156,,,,,
64,10,BR,Asynchronous,2,6822,8784504,844140732,58842202,299306,,,,,
64,10,BR,Asynchronous,3,625697,23825163,816210705,13441607,39862,,,,,
64,10,BR,Asynchronous,4,61155,5921846,779310592,405903473,502083,,,,,
64,10,BR,Asynchronous,5,574306,173637634,689117984,943784262,571736,,,,,
64,10,BR,Asynchronous,6,51484,523096191,45544,1459009166,595417,,,,,
64,10,BR,Asynchronous,7,452304,786126831,305172719,1425640396,606241,,,,,
64,10,BR,Asynchronous,8,410658,996017639,18480678,2160995515,621597,,,,,
64,10,BR,Asynchronous,9,372704,1144733521,178556087,1831873466,629453,,,,,
64,10,BR,Asynchronous,1,346742,1297879517,123035292,229619935,647483,,,,,
64,4,PS,Asynchronous,1,787703,1803502,297272181,145151796,444939,,,,,
64,4,PS,Asynchronous,2,77177,8760285,279965347,206818555,542031,,,,,
64,4,PS,Asynchronous,3,75457,2496559,260250104,32483453,667812,,,,,
64,4,PS,Asynchronous,4,720497,54264687,231015389,384912161,732431,,,,,
64,4,PS,Asynchronous,5,673265,98535614,200816199,538891334,803776,,,,,
64,4,PS,Asynchronous,6,600602,164131485,175197572,677867406,827969,,,,,
64,4,PS,Asynchronous,7,521786,258612244,134413359,834448158,824323,,,,,
64,4,PS,Asynchronous,8,476747,320643372,111161267,972773241,854861,,,,,
64,4,PS,Asynchronous,9,431657,398550964,84187286,915343493,859922,,,,,
64,4,PS,Asynchronous,1,397266,452322357,76947265,1050177944,872309,,,,,
64,6,PS,Asynchronous,1,877179,2101553,475167884,162362566,421649,,,,,
64,6,PS,Asynchronous,2,851833,10140016,463786026,237913709,533646,,,,,
64,6,PS,Asynchronous,3,877377,32558105,416138883,420847188,686354,,,,,
64,6,PS,Asynchronous,4,835567,7665834,380515425,489414091,780104,,,,,
64,6,PS,Asynchronous,5,781463,310095978,314613922,707337345,853733,,,,,
64,6,PS,Asynchronous,6,715298,37166571,229012375,877694794,902344,,,,,
64,6,PS,Asynchronous,7,63048,412371552,20058859,939017256,912431,,,,,
64,6,PS,Asynchronous,8,566405,541182068,150632315,1273250027,926181,,,,,
64,6,PS,Asynchronous,9,50749,656648621,124408329,1571410199,929844,,,,,
64,6,PS,Asynchronous,1,462423,750842773,106669307,1494136836,935243,,,,,
64,8,PS,Asynchronous,1,915108,2167838,659665687,18894189,392778,,,,,
64,8,PS,Asynchronous,2,918623,11410483,633454923,265838034,55316,,,,,
64,8,PS,Asynchronous,3,898435,34909355,615454019,460266911,678542,,,,,
64,8,PS,Asynchronous,4,90209,95616432,541620146,542198431,816181,,,,,
64,8,PS,Asynchronous,5,859304,229198608,43418093,854724177,899957,,,,,
64,8,PS,Asynchronous,6,767585,450834259,294302512,1288185116,935104,,,,,
64,8,PS,Asynchronous,7,671155,603029236,256529357,1234085264,939957,,,,,
64,8,PS,Asynchronous,8,601854,793640015,177777102,1769297096,953681,,,,,
64,8,PS,Asynchronous,9,539759,951538147,139549869,2006590809,957344,,,,,
64,8,PS,Asynchronous,1,486748,1087726685,126184347,1974496396,95651,,,,,
64,10,PS,Asynchronous,1,930484,2192356,847957303,164755251,394523,,,,,
64,10,PS,Asynchronous,2,942199,12014284,826762393,27798685,550712,,,,,
64,10,PS,Asynchronous,3,941612,36644043,786883481,532570733,695234,,,,,
64,10,PS,Asynchronous,4,927346,105939613,709664401,662714307,822292,,,,,
64,10,PS,Asynchronous,5,888311,274691742,550531361,937078417,915582,,,,,
64,10,PS,Asynchronous,6,797411,512345947,374545667,1368201165,955,,,,,
64,10,PS,Asynchronous,7,706503,725963135,243629049,1779316082,969549,,,,,
64,10,PS,Asynchronous,8,627709,885104004,210026391,2193119031,973681,,,,,
64,10,PS,Asynchronous,9,560011,1040495117,172818675,2686459284,974687,,,,,
64,10,PS,Asynchronous,1,50823,1180058472,160397978,2766021133,978386,,,,,
16,4,UN,Client-Server,1,837166,2004246,264944191,547570481,607049,,,,,
16,4,UN,Client-Server,2,799354,9472887,260322674,571093509,684306,,,,,
16,4,UN,Client-Server,3,852871,29294453,209804258,693270291,779792,,,,,
16,4,UN,Client-Server,4,763965,66187737,196745354,83228476,795,,,,,
16,4,UN,Client-Server,5,729444,133006058,157230179,1194286232,827951,,,,,
16,4,UN,Client-Server,6,625584,202418213,128417501,1261044228,857292,,,,,
16,4,UN,Client-Server,7,560313,281745117,98304158,1657765373,878403,,,,,
16,4,UN,Client-Server,8,531492,349288635,85586606,1827375029,899167,,,,,
16,4,UN,Client-Server,9,476232,411124512,75172233,1999516709,909375,,,,,
16,4,UN,Client-Server,1,423975,498134125,64562717,169850628,876389,,,,,
16,6,UN,Client-Server,1,914756,2220169,465308045,652441763,515521,,,,,
16,6,UN,Client-Server,2,91516,11093018,432340411,1003826707,664167,,,,,
16,6,UN,Client-Server,3,904898,35288231,396832563,811330775,762292,,,,,
16,6,UN,Client-Server,4,861362,86183983,363243995,1177194924,829028,,,,,
16,6,UN,Client-Server,5,792027,218846512,271082784,1003120135,867535,,,,,
16,6,UN,Client-Server,6,705315,36237619,192780636,171883999,892083,,,,,
16,6,UN,Client-Server,7,637113,49474469,144197162,2071088303,918021,,,,,
16,6,UN,Client-Server,8,565409,620136169,10911666,2622311601,920833,,,,,
16,6,UN,Client-Server,9,505995,746678711,97670696,2646366771,90375,,,,,
16,6,UN,Client-Server,1,455567,849864807,86230127,3239210381,901736,,,,,
16,8,UN,Client-Server,1,90698,227336,665293585,93618684,484097,,,,,
16,8,UN,Client-Server,2,919247,11414202,634179949,1092624144,631389,,,,,
16,8,UN,Client-Server,3,923054,35754356,600485778,1317559372,741562,,,,,
16,8,UN,Client-Server,4,907902,105284363,516166909,858284943,834861,,,,,
16,8,UN,Client-Server,5,845062,274173981,402508533,1832015352,90191,,,,,
16,8,UN,Client-Server,6,733655,525180847,260326255,2248767269,907083,,,,,
16,8,UN,Client-Server,7,661952,689955933,206797478,2360612364,927986,,,,,
16,8,UN,Client-Server,8,586487,887138184,144352713,3390422991,932778,,,,,
16,8,UN,Client-Server,9,541788,1026908203,135949253,4020823301,945937,,,,,
16,8,UN,Client-Server,1,490409,1176928711,114291223,4475082423,945486,,,,,
16,10,UN,Client-Server,1,955848,2391438,82754203,870068191,479271,,,,,
16,10,UN,Client-Server,2,935056,11377554,810791833,1582542014,601667,,,,,
16,10,UN,Client-Server,3,932695,37361408,784912542,16809416,724479,,,,,
16,10,UN,Client-Server,4,915236,118756714,700461831,1727842054,828333,,,,,
16,10,UN,Client-Server,5,882814,313291901,50758366,1396347726,923437,,,,,
16,10,UN,Client-Server,6,771937,565769348,336628744,2956160892,937083,,,,,
16,10,UN,Client-Server,7,687306,74552948,264673434,3774548086,955694,,,,,
16,10,UN,Client-Server,8,617007,946430603,178332365,3667614018,959167,,,,,
16,10,UN,Client-Server,9,551504,1103527954,157680668,4910532583,955625,,,,,
16,10,UN,Client-Server,1,503592,1264407837,128494491,45597941,954514,,,,,
16,4,HR,Client-Server,1,622777,1424685,311912393,625949413,458889,,,,,
16,4,HR,Client-Server,2,714232,7784738,266751283,695613489,653055,,,,,
16,4,HR,Client-Server,3,563058,17237011,29500162,868535961,602188,,,,,
16,4,HR,Client-Server,4,61408,47139942,248004784,953962094,7125,,,,,
16,4,HR,Client-Server,5,58883,129407547,181319843,928606772,728646,,,,,
16,4,HR,Client-Server,6,531492,1627330246,124036349,224875168,797917,,,,,
16,4,HR,Client-Server,7,475336,323723724,85539297,1737167893,795035,,,,,
16,4,HR,Client-Server,8,413104,392275299,75917551,2154044741,798333,,,,,
16,4,HR,Client-Server,9,361952,47347699,70346343,2543927978,770938,,,,,
16,4,HR,Client-Server,1,335961,549021851,59854221,2655729283,735069,,,,,
16,6,HR,Client-Server,1,793967,1854915,474078984,952678288,503472,,,,,
16,6,HR,Client-Server,2,779392,9595086,459408864,1027855103,575347,,,,,
16,6,HR,Client-Server,3,771373,26096712,431734106,1096862164,758229,,,,,
16,6,HR,Client-Server,4,737937,71482933,382593795,1295636006,771528,,,,,
16,6,HR,Client-Server,5,649532,185400986,321164792,1653366,800521,,,,,
16,6,HR,Client-Server,6,580466,420417145,161651698,1992715915,786875,,,,,
16,6,HR,Client-Server,7,546245,518351929,137385957,2644567425,867951,,,,,
16,6,HR,Client-Server,8,493581,663640259,97337675,2587353042,835833,,,,,
16,6,HR,Client-Server,9,427316,777911072,84124586,350919345,806562,,,,,
16,6,HR,Client-Server,1,407034,874560791,82302762,3916523672,830556,,,,,
16,8,HR,Client-Server,1,788644,17672,632892659,904356536,46625,,,,,
16,8,HR,Client-Server,2,8471,10156638,636190081,1319209855,626042,,,,,
16,8,HR,Client-Server,3,796617,29106882,628544874,1445395821,669583,,,,,
16,8,HR,Client-Server,4,787135,6776693,592618135,1403904639,792361,,,,,
16,8,HR,Client-Server,5,752581,212689209,472946322,1815336111,826563,,,,,
16,8,HR,Client-Server,6,686232,520065125,254090024,27318835,895833,,,,,
16,8,HR,Client-Server,7,556637,736940674,19468858,3389835282,818854,,,,,
16,8,HR,Client-Server,8,533445,887897278,144084164,2778215451,872222,,,,,
16,8,HR,Client-Server,9,470176,1066175171,119098713,4555877628,867813,,,,,
16,8,HR,Client-Server,1,436457,121193335,107372065,3816021591,862847,,,,,
16,10,HR,Client-Server,1,849374,1980331,820621205,1440760876,495833,,,,,
16,10,HR,Client-Server,2,853076,102187,801114926,1783877387,591667,,,,,
16,10,HR,Client-Server,3,85156,30706835,761209416,1738892586,696979,,,,,
16,10,HR,Client-Server,4,805596,78206543,747394023,2299360993,7575,,,,,
16,10,HR,Client-Server,5,79196,221464294,630708725,2401750804,859722,,,,,
16,10,HR,Client-Server,6,638244,537422058,395293799,1925507111,815833,,,,,
16,10,HR,Client-Server,7,622735,761577026,225412774,376854491,892743,,,,,
16,10,HR,Client-Server,8,553766,928661072,188420577,3922378045,890556,,,,,
16,10,HR,Client-Server,9,489242,1075117432,15760558,5365009141,87875,,,,,
16,10,HR,Client-Server,1,477834,1217886597,136838134,4530380751,921875,,,,,
16,4,BR,Client-Server,1,88365,1921418,305277775,250716906,238472,,,,,
16,4,BR,Client-Server,2,860418,929508,286311814,488081072,405417,,,,,
16,4,BR,Client-Server,3,843287,27243357,256627682,307441712,556979,,,,,
16,4,BR,Client-Server,4,832914,61148876,211636713,587814337,701389,,,,,
16,4,BR,Client-Server,5,7821,111845444,174542099,495701487,801562,,,,,
16,4,BR,Client-Server,6,714232,189958618,125603599,545004812,863125,,,,,
16,4,BR,Client-Server,7,647217,268578033,87902292,775542157,900278,,,,,
16,4,BR,Client-Server,8,581954,339456268,68747484,754715206,913611,,,,,
16,4,BR,Client-Server,9,527778,408526337,54547726,1159859915,922188,,,,,
16,4,BR,Client-Server,1,480408,471786499,46118236,1484799775,929167,,,,,
16,6,BR,Client-Server,1,908802,2134946,496436634,399020319,244687,,,,,
16,6,BR,Client-Server,2,90698,10394992,471799576,490268575,424653,,,,,
16,6,BR,Client-Server,3,896247,30655106,436696046,503392515,587396,,,,,
16,6,BR,Client-Server,4,880803,84361443,377865241,583281742,739306,,,,,
16,6,BR,Client-Server,5,843151,204702072,271474592,990952492,854861,,,,,
16,6,BR,Client-Server,6,755583,369789307,169425549,812773944,900833,,,,,
16,6,BR,Client-Server,7,671474,510915802,111033113,976441463,922882,,,,,
16,6,BR,Client-Server,8,600924,62610022,89194322,1535476028,931389,,,,,
16,6,BR,Client-Server,9,539897,738934143,68914483,2112035842,935625,,,,,
16,6,BR,Client-Server,1,490711,839243652,63710844,2353144075,936458,,,,,
16,8,BR,Client-Server,1,908662,2093968,694530209,731390336,241944,,,,,
16,8,BR,Client-Server,2,916754,10831274,663907475,639486244,430347,,,,,
16,8,BR,Client-Server,3,914468,35075058,623925842,754063759,599896,,,,,
16,8,BR,Client-Server,4,923701,103896408,537369656,58275072,770833,,,,,
16,8,BR,Client-Server,5,86701,300255798,369500912,1279921264,874132,,,,,
16,8,BR,Client-Server,6,781098,555305237,207147214,1086897059,922083,,,,,
16,8,BR,Client-Server,7,684499,748928955,138909547,1298358239,932361,,,,,
16,8,BR,Client-Server,8,610051,90259436,118079647,20544057,935833,,,,,
16,8,BR,Client-Server,9,548603,1062911255,89018931,2671651809,939687,,,,,
16,8,BR,Client-Server,1,498233,1201908813,81294476,2101883654,940625,,,,,
16,10,BR,Client-Server,1,940461,2086331,877635199,905729476,246562,,,,,
16,10,BR,Client-Server,2,902923,10837634,863513897,665273676,422361,,,,,
16,10,BR,Client-Server,3,908622,33603893,817815971,767296404,601042,,,,,
16,10,BR,Client-Server,4,902704,91781967,759858006,1343881897,755694,,,,,
16,10,BR,Client-Server,5,888585,328355347,485458241,121030457,888194,,,,,
16,10,BR,Client-Server,6,789,601244873,279231626,1927057396,927708,,,,,
16,10,BR,Client-Server,7,694901,830786377,166135699,176606318,939653,,,,,
16,10,BR,Client-Server,8,618812,975618347,153678378,2053676488,943056,,,,,
16,10,BR,Client-Server,9,555489,1142917725,119934979,3501850233,94375,,,,,
16,10,BR,Client-Server,1,505846,128625415,103926322,2146969058,944097,,,,,
16,4,PS,Client-Server,1,86733,2044179,246261255,367493895,64684,,,,,
16,4,PS,Client-Server,2,840152,1014529,235461691,626860874,702569,,,,,
16,4,PS,Client-Server,3,824914,30322653,217819531,713864201,768854,,,,,
16,4,PS,Client-Server,4,75785,5860265,204534258,796514082,785833,,,,,
16,4,PS,Client-Server,5,714316,123017624,158143149,982481297,832118,,,,,
16,4,PS,Client-Server,6,632461,214452255,116240102,1135886412,844583,,,,,
16,4,PS,Client-Server,7,551504,278491974,113595496,1418882864,839028,,,,,
16,4,PS,Client-Server,8,49651,364986053,81290563,1501070594,860556,,,,,
16,4,PS,Client-Server,9,452939,425249847,83883106,1577887682,860937,,,,,
16,4,PS,Client-Server,1,420933,483833649,87548434,2065619811,865972,,,,,
16,6,PS,Client-Server,1,936473,2227537,440568794,702425075,588333,,,,,
16,6,PS,Client-Server,2,900764,1088244,425003658,802773783,662917,,,,,
16,6,PS,Client-Server,3,90722,33936623,396412708,789924743,76625,,,,,
16,6,PS,Client-Server,4,862785,94348297,347883212,1036468694,83375,,,,,
16,6,PS,Client-Server,5,807842,179849548,291412257,1389333044,895833,,,,,
16,6,PS,Client-Server,6,701786,374583313,179632006,157051253,895417,,,,,
16,6,PS,Client-Server,7,639351,490504761,145010342,2252575091,929931,,,,,
16,6,PS,Client-Server,8,573968,603130981,12417505,24001869,931944,,,,,
16,6,PS,Client-Server,9,511543,715827026,113861094,2904991727,918437,,,,,
16,6,PS,Client-Server,1,47255,830844727,8916558,239423185,929167,,,,,
16,8,PS,Client-Server,1,9513,2314414,636497807,949857036,498715,,,,,
16,8,PS,Client-Server,2,936808,11713354,620951115,1170297092,639167,,,,,
16,8,PS,Client-Server,3,931204,36626431,587482683,760049126,720729,,,,,
16,8,PS,Client-Server,4,937835,102300987,509674402,1314509873,859583,,,,,
16,8,PS,Client-Server,5,864236,306522491,354147836,1676812651,919097,,,,,
16,8,PS,Client-Server,6,780074,49736142,26485216,2381463659,944792,,,,,
16,8,PS,Client-Server,7,687981,681090576,199986105,2149237046,965174,,,,,
16,8,PS,Client-Server,8,61379,845246582,166875076,2470214123,9625,,,,,
16,8,PS,Client-Server,9,549407,1007446472,131749403,348525522,96375,,,,,
16,8,PS,Client-Server,1,50007,1151877319,12057513,4123286673,961111,,,,,
16,10,PS,Client-Server,1,974802,2351146,822921127,968314249,46934,,,,,
16,10,PS,Client-Server,2,980224,12150679,809186312,1142913841,638125,,,,,
16,10,PS,Client-Server,3,971452,4007254,755084983,148332136,748021,,,,,
16,10,PS,Client-Server,4,948199,106190559,68645432,1635900805,86,,,,,
16,10,PS,Client-Server,5,909553,295415222,522214254,2016290249,944792,,,,,
16,10,PS,Client-Server,6,806512,553938843,313497466,237316626,968958,,,,,
16,10,PS,Client-Server,7,703002,755845886,236531664,1934740695,964201,,,,,
16,10,PS,Client-Server,8,635748,928996765,176748269,2980861045,982778,,,,,
16,10,PS,Client-Server,9,574563,1072681763,152513064,3372189353,990312,,,,,
16,10,PS,Client-Server,1,510356,1226546875,135151713,5015644768,965972,,,,,
16,4,UN,Asynchronous,1,805631,1942182,270747872,97039249,669375,,,,,
16,4,UN,Asynchronous,2,711402,8758454,285337517,189728209,63875,,,,,
16,4,UN,Asynchronous,3,764771,27745926,235742445,278035569,779375,,,,,
16,4,UN,Asynchronous,4,714662,61134068,226975478,313655513,784306,,,,,
16,4,UN,Asynchronous,5,702304,126200226,169986024,47887206,838368,,,,,
16,4,UN,Asynchronous,6,625735,208140411,133539131,527958591,853958,,,,,
16,4,UN,Asynchronous,7,567802,277625092,105518029,799296875,910729,,,,,
16,4,UN,Asynchronous,8,495292,364442078,87992509,962201487,869167,,,,,
16,4,UN,Asynchronous,9,470201,421035217,77335651,1060153725,9,,,,,
16,4,UN,Asynchronous,1,416087,499487244,81015041,1212852502,853819,,,,,
16,6,UN,Asynchronous,1,898346,2169365,458073357,135013123,617708,,,,,
16,6,UN,Asynchronous,2,834869,1044451,473602198,217297108,639236,,,,,
16,6,UN,Asynchronous,3,884136,34631821,399531575,309237367,786042,,,,,
16,6,UN,Asynchronous,4,81023,445018668,372234784,84688896,806806,,,,,
16,6,UN,Asynchronous,5,762009,215162201,272973696,619696092,851389,,,,,
16,6,UN,Asynchronous,6,690723,373463867,193323326,707930583,89375,,,,,
16,6,UN,Asynchronous,7,599696,5098172,150016862,1193248324,889097,,,,,
16,6,UN,Asynchronous,8,506488,666255615,12397509,127103947,831111,,,,,
16,6,UN,Asynchronous,9,491041,747157043,102805916,11899045,890938,,,,,
16,6,UN,Asynchronous,1,456873,835229004,94498951,1811012822,916667,,,,,
16,8,UN,Asynchronous,1,895793,2181244,659521851,125438472,559549,,,,,
16,8,UN,Asynchronous,2,917185,11909069,622913749,218046743,667986,,,,,
16,8,UN,Asynchronous,3,896828,36004375,599416001,258929993,753542,,,,,
16,8,UN,Asynchronous,4,862535,102455956,53788127,513782316,837778,,,,,
16,8,UN,Asynchronous,5,803943,28608728,399242048,738685759,873785,,,,,
16,8,UN,Asynchronous,6,739532,509905884,274537311,1144697168,916042,,,,,
16,8,UN,Asynchronous,7,638247,743187683,167733261,1549619758,921424,,,,,
16,8,UN,Asynchronous,8,546533,874141541,185060726,1762429191,911111,,,,,
16,8,UN,Asynchronous,9,497897,1055804199,132752413,2124122474,906563,,,,,
16,8,UN,Asynchronous,1,457959,1188806396,137567342,1800665678,905556,,,,,
16,10,UN,Asynchronous,1,933178,2268084,851836871,178716605,547396,,,,,
16,10,UN,Asynchronous,2,901664,11165421,837913631,266863225,626042,,,,,
16,10,UN,Asynchronous,3,878836,35783009,819288729,400380958,71125,,,,,
16,10,UN,Asynchronous,4,886027,105661499,72671872,464618315,830139,,,,,
16,10,UN,Asynchronous,5,846923,289955444,55642145,859177814,899479,,,,,
16,10,UN,Asynchronous,6,755375,598604126,299191908,1386292707,926458,,,,,
16,10,UN,Asynchronous,7,643968,769585083,265510606,1808262657,909271,,,,,
16,10,UN,Asynchronous,8,586142,932586914,197369362,1289923936,930278,,,,,
16,10,UN,Asynchronous,9,538516,1065520996,172631985,2473733856,936562,,,,,
16,10,UN,Asynchronous,1,491613,1233783325,147869615,2828767953,940972,,,,,
16,4,HR,Asynchronous,1,572178,1393413,344412678,208202647,476319,,,,,
16,4,HR,Asynchronous,2,558476,6146375,319720534,224008272,619861,,,,,
16,4,HR,Asynchronous,3,604414,19377216,298515323,339373784,651146,,,,,
16,4,HR,Asynchronous,4,639143,42881931,243422381,454336136,819167,,,,,
16,4,HR,Asynchronous,5,547472,110907822,206067076,553155326,789063,,,,,
16,4,HR,Asynchronous,6,448119,158804123,225488963,808222372,709583,,,,,
16,4,HR,Asynchronous,7,38111,314990753,125631665,1113299692,705833,,,,,
16,4,HR,Asynchronous,8,37793,400346375,87270384,1345570771,749167,,,,,
16,4,HR,Asynchronous,9,311804,49002179,87705551,1570581512,677188,,,,,
16,4,HR,Asynchronous,1,305073,550135315,59292463,1773611828,723958,,,,,
16,6,HR,Asynchronous,1,679129,1496446,508002074,157891728,555486,,,,,
16,6,HR,Asynchronous,2,707956,8302955,480132066,516439638,727222,,,,,
16,6,HR,Asynchronous,3,683511,23719973,454797569,48864161,710833,,,,,
16,6,HR,Asynchronous,4,690876,6265062,411688018,531356966,744583,,,,,
16,6,HR,Asynchronous,5,64273,182825714,334347245,871053275,826389,,,,,
16,6,HR,Asynchronous,6,5458,402114136,190350066,1352484214,779375,,,,,
16,6,HR,Asynchronous,7,432759,4851474,204971539,1555443767,72941,,,,,
16,6,HR,Asynchronous,8,420722,66730658,141801921,1620412515,757778,,,,,
16,6,HR,Asynchronous,9,422564,728156982,132294159,1464219174,799062,,,,,
16,6,HR,Asynchronous,1,347239,821218018,110316602,2495585069,863194,,,,,
16,8,HR,Asynchronous,1,803096,2026069,690208567,290712404,549826,,,,,
16,8,HR,Asynchronous,2,769347,8922665,642837882,543234636,675208,,,,,
16,8,HR,Asynchronous,3,761153,26240793,61951453,625048774,730521,,,,,
16,8,HR,Asynchronous,4,683967,58573162,624406642,751235356,775556,,,,,
16,8,HR,Asynchronous,5,709455,221735184,47298318,1025620714,842535,,,,,
16,8,HR,Asynchronous,6,604509,423436707,371598935,1559892031,868958,,,,,
16,8,HR,Asynchronous,7,505288,679681152,217553375,2156154352,875,,,,,
16,8,HR,Asynchronous,8,463521,870919556,193512634,2071026508,774444,,,,,
16,8,HR,Asynchronous,9,408886,972338074,184823285,2532130972,78375,,,,,
16,8,HR,Asynchronous,1,364302,1125519653,157423829,1987508899,798264,,,,,
16,10,HR,Asynchronous,1,731229,18182,861776137,388940989,498819,,,,,
16,10,HR,Asynchronous,2,781164,9258657,834790991,492393833,641042,,,,,
16,10,HR,Asynchronous,3,675502,25449713,821138662,566652085,604583,,,,,
16,10,HR,Asynchronous,4,733372,67158897,817520328,599358071,772083,,,,,
16,10,HR,Asynchronous,5,634559,185278748,705750487,1211646463,819271,,,,,
16,10,HR,Asynchronous,6,615881,506056,42756895,1896395789,823125,,,,,
16,10,HR,Asynchronous,7,550544,668805542,361920132,2418757984,829792,,,,,
16,10,HR,Asynchronous,8,430889,859233643,300175428,269080746,756389,,,,,
16,10,HR,Asynchronous,9,470719,958309814,216179762,2859921799,904687,,,,,
16,10,HR,Asynchronous,1,409884,1194435669,183762009,3444731968,828472,,,,,
16,4,BR,Asynchronous,1,442501,1013195,381615554,19110126,136979,,,,,
16,4,BR,Asynchronous,2,443607,3981061,35907301,34452089,229861,,,,,
16,4,BR,Asynchronous,3,460454,9462865,336131204,109222768,323437,,,,,
16,4,BR,Asynchronous,4,458123,22943092,317289503,133728978,406389,,,,,
16,4,BR,Asynchronous,5,490711,67113464,26975649,156050398,510938,,,,,
16,4,BR,Asynchronous,6,500619,251171982,133817155,301014182,597708,,,,,
16,4,BR,Asynchronous,7,453512,328706573,100252963,305420849,614201,,,,,
16,4,BR,Asynchronous,8,406964,396323639,85430627,454557929,623889,,,,,
16,4,BR,Asynchronous,9,368315,484105438,55990098,574452631,631563,,,,,
16,4,BR,Asynchronous,1,332298,545141968,53772597,719461548,634028,,,,,
16,6,BR,Asynchronous,1,487785,1119696,498820922,19484081,149965,,,,,
16,6,BR,Asynchronous,2,460979,4844061,523303737,56253503,239375,,,,,
16,6,BR,Asynchronous,3,506713,13533961,476584253,83709148,356563,,,,,
16,6,BR,Asynchronous,4,492925,3358577,461969537,195577372,434167,,,,,
16,6,BR,Asynchronous,5,474015,61682014,446820517,200586964,501215,,,,,
16,6,BR,Asynchronous,6,532269,179855214,415380127,470830639,622708,,,,,
16,6,BR,Asynchronous,7,468575,543321716,14080299,1069873863,628785,,,,,
16,6,BR,Asynchronous,8,422222,653907227,125902747,1263494341,637778,,,,,
16,6,BR,Asynchronous,9,3822,784053589,88886586,1468299448,646562,,,,,
16,6,BR,Asynchronous,1,348186,898097229,73066224,1679285594,647222,,,,,
16,8,BR,Asynchronous,1,508909,1348418,652238802,18983249,153542,,,,,
16,8,BR,Asynchronous,2,503872,5645099,653732879,70357942,254306,,,,,
16,8,BR,Asynchronous,3,531937,15225128,617541676,113300356,370625,,,,,
16,8,BR,Asynchronous,4,507399,46924644,596548855,26279635,4425,,,,,
16,8,BR,Asynchronous,5,528152,119316422,551801733,390451218,546181,,,,,
16,8,BR,Asynchronous,6,535232,476424927,323176361,600515833,621875,,,,,
16,8,BR,Asynchronous,7,480331,644258728,275567272,88148296,637049,,,,,
16,8,BR,Asynchronous,8,435503,918558167,149863613,884867818,649722,,,,,
16,8,BR,Asynchronous,9,389167,1085429932,130566104,1295182846,649375,,,,,
16,8,BR,Asynchronous,1,359547,1212562012,114470506,1537658973,657639,,,,,
16,10,BR,Asynchronous,1,537593,1361603,788311656,21925482,161979,,,,,
16,10,BR,Asynchronous,2,575784,6146961,718154923,647016,287083,,,,,
16,10,BR,Asynchronous,3,505995,16159618,809522351,104128664,354271,,,,,
16,10,BR,Asynchronous,4,552845,40650211,756011389,31463874,476667,,,,,
16,10,BR,Asynchronous,5,531937,127536873,704662768,571212667,546354,,,,,
16,10,BR,Asynchronous,6,536095,39476413,593208144,682280142,622292,,,,,
16,10,BR,Asynchronous,7,492379,718662415,322470207,918415437,646285,,,,,
16,10,BR,Asynchronous,8,441288,91620813,268419502,1446767732,650833,,,,,
16,10,BR,Asynchronous,9,403188,1111200439,208053061,1615034325,658125,,,,,
16,10,BR,Asynchronous,1,369813,126863562,139778284,1918226261,669444,,,,,
16,4,PS,Asynchronous,1,787135,1870605,270589738,125582387,608993,,,,,
16,4,PS,Asynchronous,2,781164,9179881,245813397,186819899,680347,,,,,
16,4,PS,Asynchronous,3,765629,25114941,224150588,283319397,784479,,,,,
16,4,PS,Asynchronous,4,721782,55607788,204244054,350483928,852083,,,,,
16,4,PS,Asynchronous,5,609036,14928801,14714324,512272546,79375,,,,,
16,4,PS,Asynchronous,6,600147,202291977,127218886,584690104,86,,,,,
16,4,PS,Asynchronous,7,545556,285707153,91945013,771946701,872326,,,,,
16,4,PS,Asynchronous,8,487692,365927063,7264524,636779001,856944,,,,,
16,4,PS,Asynchronous,9,450406,392787323,7753762,105835527,941562,,,,,
16,4,PS,Asynchronous,1,388274,483779236,72486585,981808492,869792,,,,,
16,6,PS,Asynchronous,1,904261,2169803,41699405,157505141,713958,,,,,
16,6,PS,Asynchronous,2,903137,10854911,419513506,245594209,740208,,,,,
16,6,PS,Asynchronous,3,888765,33627537,392270923,323700479,798229,,,,,
16,6,PS,Asynchronous,4,854246,85455521,342517993,41935944,85125,,,,,
16,6,PS,Asynchronous,5,791902,200680069,264207476,641749697,907639,,,,,
16,6,PS,Asynchronous,6,708413,36255365,177957505,841086602,937083,,,,,
16,6,PS,Asynchronous,7,612917,493587738,147050534,926740294,914618,,,,,
16,6,PS,Asynchronous,8,57831,574596436,132983807,846435531,953333,,,,,
16,6,PS,Asynchronous,9,508989,701366394,109738298,1491317415,933125,,,,,
16,6,PS,Asynchronous,1,467505,808651123,93370477,1718163415,939583,,,,,
16,8,PS,Asynchronous,1,965042,2384536,630808059,194963345,566181,,,,,
16,8,PS,Asynchronous,2,97462,12422179,594851999,267928247,704028,,,,,
16,8,PS,Asynchronous,3,965674,37241966,564654284,387492337,808437,,,,,
16,8,PS,Asynchronous,4,923701,104177879,497096637,341501226,865694,,,,,
16,8,PS,Asynchronous,5,845989,340443665,324235594,85557456,918403,,,,,
16,8,PS,Asynchronous,6,764771,50408136,256389778,1049175562,941667,,,,,
16,8,PS,Asynchronous,7,672547,689887268,194248624,1416449231,938194,,,,,
16,8,PS,Asynchronous,8,605648,832789551,162886466,940794155,966667,,,,,
16,8,PS,Asynchronous,9,547097,97888269,129470496,1923328176,964062,,,,,
16,8,PS,Asynchronous,1,499688,1105590332,122442908,212655381,963194,,,,,
16,10,PS,Asynchronous,1,977722,2383884,819691756,212784185,556563,,,,,
16,10,PS,Asynchronous,2,986516,12676008,793754257,337634981,672708,,,,,
16,10,PS,Asynchronous,3,980612,39742607,757774533,45119667,785104,,,,,
16,10,PS,Asynchronous,4,965674,118184151,662787576,351184393,881111,,,,,
16,10,PS,Asynchronous,5,906607,970432438,485592935,307792664,941146,,,,,
16,10,PS,Asynchronous,6,79234,532737732,363094043,1214057768,961042,,,,,
16,10,PS,Asynchronous,7,707199,75167511,224638088,1653736882,981944,,,,,
16,10,PS,Asynchronous,8,61823,905326843,206922631,1421304936,9625,,,,,
16,10,PS,Asynchronous,9,564482,1048269897,154713952,2371043062,979375,,,,,
16,10,PS,Asynchronous,1,515257,1184647461,136375081,2592966463,980903,,,,,
